X,Y,Z
0.267716535,2.081865157,0.060384283
0.267716535,2.081865157,0.060384283
0.267716535,2.081865157,0.060384283
0.267716535,2.081865157,0.060384283
0.267716535,2.081865157,0.060384283
0.267716535,2.081865157,0.060384283
0.267716535,2.081865157,0.060384283
0.267716535,2.081865157,0.060384283
0.267716535,2.081865157,0.060384283
0.267716535,2.081865157,0.060384283
0.267716535,2.081865157,0.060384283
0.267716535,2.081865157,0.060384283
0.267716535,2.081865157,0.060384283
0.267716535,2.081865157,0.060384283
0.267716535,2.081865157,0.060384283
0.267716535,2.081865157,0.060384283
0.267716535,2.081865157,0.060384283
0.267716535,2.081865157,0.060384283
0.267716535,2.081865157,0.060384283
0.267716535,2.081865157,0.060384283
0.267716535,2.081865157,0.060384283
0.267716535,2.081865157,0.060384283
0.267716535,2.081865157,0.060384283
0.267716535,2.081865157,0.060384283
0.267716535,2.081865157,0.060384283
0.267716535,2.081865157,0.060384283
0.267716535,2.081865157,0.060384283
0.267716535,2.081865157,0.060384283
0.267716535,2.081865157,0.060384283
0.267716535,2.081865157,0.060384283
0.267716535,2.081865157,0.060384283
0.267716535,2.081864862,0.060380104
0.267716535,2.081863978,0.060367575
0.267716535,2.081862505,0.060346708
0.267716535,2.081860444,0.060317515
0.267716535,2.081857796,0.060280008
0.267716535,2.08185456,0.060234199
0.267716535,2.081850737,0.0601801
0.267716535,2.081846328,0.060117724
0.267716535,2.081841331,0.060047082
0.267716535,2.081835747,0.059968186
0.267716535,2.081829575,0.059881048
0.267716535,2.081822816,0.05978568
0.267716535,2.081815468,0.059682093
0.267716535,2.081807532,0.059570301
0.267716535,2.081799005,0.059450314
0.267716535,2.081789888,0.059322145
0.267716535,2.08178018,0.059185805
0.267716535,2.081769879,0.059041307
0.267716535,2.081758984,0.058888661
0.267716535,2.081747494,0.05872788
0.267716535,2.081735408,0.058558976
0.267716535,2.081722724,0.05838196
0.267716535,2.08170944,0.058196844
0.267716535,2.081695555,0.05800364
0.267716535,2.081681067,0.057802359
0.267716535,2.081665973,0.057593014
0.267716535,2.081650273,0.057375615
0.267716535,2.081633963,0.057150175
0.267716535,2.081617042,0.056916705
0.267716535,2.081599507,0.056675216
0.267716535,2.081581355,0.056425722
0.267716535,2.081562584,0.056168232
0.267716535,2.081543192,0.055902758
0.267716535,2.081523175,0.055629313
0.267716535,2.08150253,0.055347908
0.267716535,2.081481256,0.055058554
0.267716535,2.081459348,0.054761262
0.267716535,2.081436803,0.054456045
0.267716535,2.081413618,0.054142914
0.267716535,2.08138979,0.05382188
0.267716535,2.081365315,0.053492954
0.267716535,2.081340189,0.053156149
0.267716535,2.081314409,0.052811476
0.267716535,2.081287971,0.052458945
0.267716535,2.081260871,0.052098569
0.267716535,2.081233106,0.051730359
0.267716535,2.08120467,0.051354326
0.267716535,2.08117556,0.050970482
0.267716535,2.081145772,0.050578839
0.267716535,2.081115301,0.050179406
0.267716535,2.081084142,0.049772196
0.267716535,2.081052291,0.049357221
0.267716535,2.081019744,0.048934491
0.267716535,2.080986496,0.048504017
0.267716535,2.080952541,0.048065812
0.267716535,2.080917875,0.047619886
0.267716535,2.080882492,0.047166251
0.267716535,2.080846389,0.046704917
0.267716535,2.080809558,0.046235897
0.267716535,2.080771996,0.045759202
0.267716535,2.080733697,0.045274842
0.267716535,2.080694654,0.044782829
0.267716535,2.080654864,0.044283174
0.267716535,2.080614319,0.043775889
0.267716535,2.080573014,0.043260984
0.267716535,2.080530943,0.042738471
0.267716535,2.080488101,0.042208361
0.267716535,2.080444481,0.041670666
0.267716535,2.080400077,0.041125395
0.267716535,2.080354883,0.040572562
0.267716535,2.080308892,0.040012176
0.267716535,2.080262099,0.039444249
0.267716535,2.080214496,0.038868792
0.267716535,2.080166078,0.038285817
0.267716535,2.080116837,0.037695333
0.267716535,2.080066768,0.037097354
0.267716535,2.080015862,0.036491889
0.267716535,2.079964113,0.035878949
0.267716535,2.079911514,0.035258547
0.267716535,2.079858059,0.034630693
0.267716535,2.079803739,0.033995397
0.267716535,2.079748549,0.033352672
0.267716535,2.079692479,0.032702529
0.267716535,2.079635524,0.032044978
0.267716535,2.079577675,0.03138003
0.267716535,2.079518926,0.030707697
0.267716535,2.079459267,0.03002799
0.267716535,2.079398693,0.02934092
0.267716535,2.079337194,0.028646498
0.267716535,2.079274764,0.027944734
0.267716535,2.079211393,0.027235641
0.267716535,2.079147075,0.026519229
0.267716535,2.0790818,0.025795509
0.267716535,2.079015562,0.025064493
0.267716535,2.078948351,0.024326191
0.267716535,2.078880159,0.023580615
0.267716535,2.078810978,0.022827775
0.267716535,2.0787408,0.022067683
0.267716535,2.078669615,0.021300349
0.267716535,2.078597416,0.020525786
0.267716535,2.078524193,0.019744003
0.267716535,2.078449938,0.018955012
0.267716535,2.078374641,0.018158825
0.267716535,2.078298295,0.017355452
0.267716535,2.07822089,0.016544903
0.267716535,2.078142416,0.015727192
0.267716535,2.078062866,0.014902327
0.267716535,2.077982229,0.014070321
0.267716535,2.077900496,0.013231185
0.267716535,2.077817658,0.01238493
0.267716535,2.077733706,0.011531566
0.267716535,2.077648629,0.010671105
0.267716535,2.077562419,0.009803559
0.267716535,2.077475066,0.008928937
0.267716535,2.077386561,0.008047252
0.267716535,2.077296892,0.007158514
0.267716535,2.077206051,0.006262735
0.267716535,2.077114028,0.005359925
0.267716535,2.077020813,0.004450096
0.267716535,2.076926395,0.00353326
0.267716535,2.076830765,0.002609426
0.267716535,2.076733912,0.001678606
0.267716535,2.076635827,0.000740812
0.267716535,2.076536498,-0.000203945
0.267716535,2.076435916,-0.001155655
0.267716535,2.07633407,-0.002114305
0.267716535,2.076230949,-0.003079886
0.267716535,2.076126544,-0.004052385
0.267716535,2.076020843,-0.005031791
0.267716535,2.075913836,-0.006018094
0.267716535,2.075805512,-0.007011282
0.267716535,2.075695861,-0.008011343
0.267716535,2.07558487,-0.009018267
0.267716535,2.07547253,-0.010032042
0.267716535,2.07535883,-0.011052657
0.267716535,2.075243758,-0.0120801
0.267716535,2.075127304,-0.013114361
0.267716535,2.075009455,-0.014155428
0.267716535,2.074890202,-0.01520329
0.267716535,2.074769532,-0.016257935
0.267716535,2.074647435,-0.017319353
0.267716535,2.074523898,-0.018387531
0.267716535,2.074398911,-0.019462458
0.267716535,2.074272462,-0.020544123
0.267716535,2.074144539,-0.021632515
0.267716535,2.074015132,-0.022727623
0.267716535,2.073884227,-0.023829434
0.267716535,2.073751813,-0.024937937
0.267716535,2.07361788,-0.026053122
0.267716535,2.073482413,-0.027174975
0.267716535,2.073345403,-0.028303487
0.267716535,2.073206837,-0.029438646
0.267716535,2.073066702,-0.030580439
0.267716535,2.072924987,-0.031728856
0.267716535,2.07278168,-0.032883885
0.267716535,2.072636768,-0.034045514
0.267716535,2.072490239,-0.035213733
0.267716535,2.072342082,-0.036388528
0.267716535,2.072192283,-0.037569889
0.267716535,2.07204083,-0.038757805
0.267716535,2.071887711,-0.039952262
0.267716535,2.071732914,-0.041153251
0.267716535,2.071576425,-0.042360759
0.267716535,2.071418233,-0.043574774
0.267716535,2.071258324,-0.044795285
0.267716535,2.071096686,-0.046022279
0.267716535,2.070933306,-0.047255746
0.267716535,2.070768172,-0.048495674
0.267716535,2.07060127,-0.04974205
0.267716535,2.070432588,-0.050994864
0.267716535,2.070262113,-0.052254102
0.267716535,2.070089831,-0.053519754
0.267716535,2.069915731,-0.054791807
0.267716535,2.069739798,-0.056070249
0.267716535,2.06956202,-0.05735507
0.267716535,2.069382383,-0.058646255
0.267716535,2.069200875,-0.059943795
0.267716535,2.069017482,-0.061247676
0.267716535,2.06883219,-0.062557887
0.267716535,2.068644987,-0.063874416
0.267716535,2.068455859,-0.065197251
0.267716535,2.068264793,-0.066526379
0.267716535,2.068071775,-0.067861789
0.267716535,2.067876791,-0.069203468
0.267716535,2.067679829,-0.070551405
0.267716535,2.067480875,-0.071905587
0.267716535,2.067279914,-0.073266001
0.267716535,2.067076934,-0.074632637
0.267716535,2.06687192,-0.076005481
0.267716535,2.066664859,-0.077384521
0.267716535,2.066455737,-0.078769746
0.267716535,2.066244541,-0.080161142
0.267716535,2.066031255,-0.081558697
0.267716535,2.065815868,-0.0829624
0.267716535,2.065598363,-0.084372237
0.267716535,2.065378729,-0.085788196
0.267716535,2.065156949,-0.087210265
0.267716535,2.064933012,-0.088638432
0.267716535,2.064706902,-0.090072683
0.267716535,2.064478605,-0.091513006
0.267716535,2.064248107,-0.092959389
0.267716535,2.064015394,-0.094411819
0.267716535,2.063780452,-0.095870284
0.267716535,2.063543266,-0.097334771
0.267716535,2.063303822,-0.098805266
0.267716535,2.063062106,-0.100281759
0.267716535,2.062818103,-0.101764235
0.267716535,2.0625718,-0.103252682
0.267716535,2.062323181,-0.104747087
0.267716535,2.062072232,-0.106247438
0.267716535,2.061818939,-0.107753722
0.267716535,2.061563287,-0.109265925
0.267716535,2.061305261,-0.110784035
0.267716535,2.061044848,-0.112308038
0.267716535,2.060782031,-0.113837923
0.267716535,2.060516798,-0.115373675
0.267716535,2.060249132,-0.116915283
0.267716535,2.05997902,-0.118462732
0.267716535,2.059706446,-0.120016009
0.267716535,2.059431396,-0.121575102
0.267716535,2.059153855,-0.123139998
0.267716535,2.058873808,-0.124710683
0.267716535,2.05859124,-0.126287143
0.267716535,2.058306137,-0.127869366
0.267716535,2.058018483,-0.129457339
0.267716535,2.057728264,-0.131051047
0.267716535,2.057435464,-0.132650479
0.267716535,2.057140069,-0.134255619
0.267716535,2.056842064,-0.135866455
0.267716535,2.056541433,-0.137482974
0.267716535,2.056238162,-0.139105161
0.267716535,2.055932235,-0.140733003
0.267716535,2.055623637,-0.142366487
0.267716535,2.055312354,-0.1440056
0.267716535,2.05499837,-0.145650326
0.267716535,2.05468167,-0.147300653
0.267716535,2.054362238,-0.148956567
0.267716535,2.05404006,-0.150618055
0.267716535,2.053715121,-0.152285102
0.267716535,2.053387404,-0.153957694
0.267716535,2.053056895,-0.155635818
0.267716535,2.052723578,-0.15731946
0.267716535,2.052387439,-0.159008605
0.267716535,2.052048461,-0.160703241
0.267716535,2.05170663,-0.162403352
0.267716535,2.05136193,-0.164108925
0.267716535,2.051014345,-0.165819945
0.267716535,2.050663861,-0.167536399
0.267716535,2.050310462,-0.169258272
0.267716535,2.049954132,-0.170985551
0.267716535,2.049594856,-0.17271822
0.267716535,2.049232618,-0.174456265
0.267716535,2.048867403,-0.176199673
0.267716535,2.048499196,-0.177948429
0.267716535,2.048127981,-0.179702517
0.267716535,2.047753742,-0.181461925
0.267716535,2.047376464,-0.183226637
0.267716535,2.046996132,-0.184996639
0.267716535,2.046612729,-0.186771916
0.267716535,2.04622624,-0.188552454
0.267716535,2.04583665,-0.190338238
0.267716535,2.045443943,-0.192129253
0.267716535,2.045048103,-0.193925484
0.267716535,2.044649114,-0.195726918
0.267716535,2.044246962,-0.197533538
0.267716535,2.043841631,-0.19934533
0.267716535,2.043433104,-0.201162279
0.267716535,2.043021366,-0.20298437
0.267716535,2.042606401,-0.204811589
0.267716535,2.042188194,-0.206643919
0.267716535,2.041766729,-0.208481346
0.267716535,2.041341991,-0.210323856
0.267716535,2.040913963,-0.212171431
0.267716535,2.04048263,-0.214024059
0.267716535,2.040047976,-0.215881722
0.267716535,2.039609985,-0.217744407
0.267716535,2.039168642,-0.219612096
0.267716535,2.038723931,-0.221484776
0.267716535,2.038275836,-0.223362431
0.267716535,2.037824342,-0.225245045
0.267716535,2.037369432,-0.227132603
0.267716535,2.036911091,-0.229025088
0.267716535,2.036449303,-0.230922487
0.267716535,2.035984053,-0.232824782
0.267716535,2.035515324,-0.234731958
0.267716535,2.035043101,-0.236643999
0.267716535,2.034567368,-0.23856089
0.267716535,2.034088109,-0.240482615
0.267716535,2.033605309,-0.242409158
0.267716535,2.033118951,-0.244340502
0.267716535,2.032629021,-0.246276633
0.267716535,2.032135501,-0.248217533
0.267716535,2.031638378,-0.250163188
0.267716535,2.031137633,-0.25211358
0.267716535,2.030633253,-0.254068693
0.267716535,2.03012522,-0.256028512
0.267716535,2.02961352,-0.25799302
0.267716535,2.029098137,-0.259962201
0.267716535,2.028579054,-0.261936038
0.267716535,2.028056256,-0.263914516
0.267716535,2.027529728,-0.265897617
0.267716535,2.026999453,-0.267885325
0.267716535,2.026465416,-0.269877623
0.267716535,2.025927601,-0.271874496
0.267716535,2.025385992,-0.273875926
0.267716535,2.024840574,-0.275881897
0.267716535,2.024291331,-0.277892392
0.267716535,2.023738246,-0.279907394
0.267716535,2.023181306,-0.281926886
0.267716535,2.022620493,-0.283950852
0.267716535,2.022055792,-0.285979274
0.267716535,2.021487188,-0.288012137
0.267716535,2.020914664,-0.290049421
0.267716535,2.020338205,-0.292091112
0.267716535,2.019757796,-0.294137191
0.267716535,2.01917342,-0.296187641
0.267716535,2.018585063,-0.298242445
0.267716535,2.017992708,-0.300301586
0.267716535,2.01739634,-0.302365047
0.267716535,2.016795943,-0.30443281
0.267716535,2.016191502,-0.306504858
0.267716535,2.015583002,-0.308581173
0.267716535,2.014970425,-0.310661738
0.267716535,2.014353758,-0.312746536
0.267716535,2.013732985,-0.314835548
0.267716535,2.013108089,-0.316928758
0.267716535,2.012479056,-0.319026147
0.267716535,2.01184587,-0.321127697
0.267716535,2.011208515,-0.323233392
0.267716535,2.010566976,-0.325343212
0.267716535,2.009921239,-0.327457141
0.267716535,2.009271286,-0.329575161
0.267716535,2.008617103,-0.331697252
0.267716535,2.007958675,-0.333823398
0.267716535,2.007295985,-0.33595358
0.267716535,2.00662902,-0.338087781
0.267716535,2.005957763,-0.340225981
0.267716535,2.005282198,-0.342368163
0.267716535,2.004602312,-0.344514308
0.267716535,2.003918088,-0.346664399
0.267716535,2.003229512,-0.348818416
0.267716535,2.002536567,-0.350976342
0.267716535,2.00183924,-0.353138157
0.267716535,2.001137513,-0.355303844
0.267716535,2.000431374,-0.357473384
0.267716535,1.999720806,-0.359646757
0.267716535,1.999005794,-0.361823947
0.267716535,1.998286323,-0.364004933
0.267716535,1.997562378,-0.366189697
0.267716535,1.996833944,-0.368378221
0.267716535,1.996101006,-0.370570485
0.267716535,1.995363549,-0.37276647
0.267716535,1.994621558,-0.374966158
0.267716535,1.993875018,-0.37716953
0.267716535,1.993123914,-0.379376566
0.267716535,1.992368232,-0.381587247
0.267716535,1.991607956,-0.383801555
0.267716535,1.990843071,-0.386019469
0.267716535,1.990073563,-0.388240972
0.267716535,1.989299417,-0.390466043
0.267716535,1.988520619,-0.392694663
0.267716535,1.987737152,-0.394926813
0.267716535,1.986949004,-0.397162473
0.267716535,1.986156158,-0.399401624
0.267716535,1.985358601,-0.401644246
0.267716535,1.984556318,-0.40389032
0.267716535,1.983749294,-0.406139826
0.267716535,1.982937515,-0.408392744
0.267716535,1.982120966,-0.410649055
0.267716535,1.981299632,-0.412908739
0.267716535,1.9804735,-0.415171776
0.267716535,1.979642555,-0.417438146
0.267716535,1.978806782,-0.419707829
0.267716535,1.977966168,-0.421980806
0.267716535,1.977120697,-0.424257055
0.267716535,1.976270356,-0.426536558
0.267716535,1.97541513,-0.428819294
0.267716535,1.974555005,-0.431105243
0.267716535,1.973689967,-0.433394385
0.267716535,1.972820001,-0.435686699
0.267716535,1.971945095,-0.437982165
0.267716535,1.971065233,-0.440280763
0.267716535,1.970180401,-0.442582472
0.267716535,1.969290586,-0.444887272
0.267716535,1.968395774,-0.447195142
0.267716535,1.96749595,-0.449506063
0.267716535,1.966591101,-0.451820012
0.267716535,1.965681213,-0.454136971
0.267716535,1.964766273,-0.456456917
0.267716535,1.963846265,-0.45877983
0.267716535,1.962921178,-0.46110569
0.267716535,1.961990996,-0.463434476
0.267716535,1.961055707,-0.465766166
0.267716535,1.960115296,-0.46810074
0.267716535,1.959169751,-0.470438177
0.267716535,1.958219058,-0.472778456
0.267716535,1.957263202,-0.475121556
0.267716535,1.956302172,-0.477467455
0.267716535,1.955335952,-0.479816133
0.267716535,1.954364531,-0.482167568
0.267716535,1.953387895,-0.48452174
0.267716535,1.95240603,-0.486878626
0.267716535,1.951418924,-0.489238206
0.267716535,1.950426562,-0.491600458
0.267716535,1.949428933,-0.493965361
0.267716535,1.948426022,-0.496332893
0.267716535,1.947417818,-0.498703033
0.267716535,1.946404306,-0.501075759
0.267716535,1.945385474,-0.50345105
0.267716535,1.944361309,-0.505828883
0.267716535,1.943331799,-0.508209238
0.267716535,1.94229693,-0.510592093
0.267716535,1.941256689,-0.512977425
0.267716535,1.940211065,-0.515365214
0.267716535,1.939160044,-0.517755436
0.267716535,1.938103614,-0.520148071
0.267716535,1.937041761,-0.522543096
0.267716535,1.935974475,-0.524940489
0.267716535,1.934901741,-0.527340229
0.267716535,1.933823549,-0.529742292
0.267716535,1.932739885,-0.532146658
0.267716535,1.931650737,-0.534553304
0.267716535,1.930556092,-0.536962208
0.267716535,1.92945594,-0.539373347
0.267716535,1.928350267,-0.541786699
0.267716535,1.927239061,-0.544202242
0.267716535,1.926122311,-0.546619954
0.267716535,1.925000004,-0.549039811
0.267716535,1.923872129,-0.551461793
0.267716535,1.922738673,-0.553885875
0.267716535,1.921599625,-0.556312036
0.267716535,1.920454973,-0.558740253
0.267716535,1.919304704,-0.561170504
0.267716535,1.918148809,-0.563602765
0.267716535,1.916987274,-0.566037015
0.267716535,1.915820089,-0.56847323
0.267716535,1.914647242,-0.570911387
0.267716535,1.913468721,-0.573351464
0.267716535,1.912284515,-0.575793438
0.267716535,1.911094612,-0.578237286
0.267716535,1.909899002,-0.580682986
0.267716535,1.908697674,-0.583130513
0.267716535,1.907490615,-0.585579846
0.267716535,1.906277815,-0.58803096
0.267716535,1.905059263,-0.590483834
0.267716535,1.903834947,-0.592938444
0.267716535,1.902604858,-0.595394766
0.267716535,1.901368984,-0.597852778
0.267716535,1.900127313,-0.600312456
0.267716535,1.898879837,-0.602773777
0.267716535,1.897626543,-0.605236718
0.267716535,1.896367421,-0.607701255
0.267716535,1.89510246,-0.610167366
0.267716535,1.893831651,-0.612635026
0.267716535,1.892554982,-0.615104212
0.267716535,1.891272443,-0.617574901
0.267716535,1.889984025,-0.620047068
0.267716535,1.888689715,-0.622520692
0.267716535,1.887389505,-0.624995747
0.267716535,1.886083384,-0.627472211
0.267716535,1.884771342,-0.62995006
0.267716535,1.88345337,-0.63242927
0.267716535,1.882129456,-0.634909817
0.267716535,1.880799591,-0.637391677
0.267716535,1.879463766,-0.639874827
0.267716535,1.878121971,-0.642359243
0.267716535,1.876774195,-0.644844902
0.267716535,1.875420429,-0.647331778
0.267716535,1.874060664,-0.649819848
0.267716535,1.872694891,-0.652309089
0.267716535,1.871323098,-0.654799476
0.267716535,1.869945279,-0.657290986
0.267716535,1.868561422,-0.659783593
0.267716535,1.867171518,-0.662277275
0.267716535,1.865775559,-0.664772007
0.267716535,1.864373536,-0.667267764
0.267716535,1.862965439,-0.669764523
0.267716535,1.861551259,-0.67226226
0.267716535,1.860130987,-0.67476095
0.267716535,1.858704615,-0.677260569
0.267716535,1.857272134,-0.679761092
0.267716535,1.855833534,-0.682262496
0.267716535,1.854388808,-0.684764756
0.267716535,1.852937947,-0.687267848
0.267716535,1.851480941,-0.689771746
0.267716535,1.850017784,-0.692276428
0.267716535,1.848548466,-0.694781868
0.267716535,1.847072978,-0.697288041
0.267716535,1.845591314,-0.699794924
0.267716535,1.844103464,-0.702302492
0.267716535,1.84260942,-0.704810719
0.267716535,1.841109175,-0.707319582
0.267716535,1.839602721,-0.709829057
0.267716535,1.838090049,-0.712339117
0.267716535,1.836571151,-0.714849739
0.267716535,1.83504602,-0.717360898
0.267716535,1.833514649,-0.719872569
0.267716535,1.831977029,-0.722384727
0.267716535,1.830433153,-0.724897348
0.267716535,1.828883014,-0.727410407
0.267716535,1.827326604,-0.729923879
0.267716535,1.825763915,-0.732437739
0.267716535,1.824194941,-0.734951962
0.267716535,1.822619674,-0.737466523
0.267716535,1.821038107,-0.739981398
0.267716535,1.819450234,-0.742496561
0.267716535,1.817856046,-0.745011988
0.267716535,1.816255538,-0.747527654
0.267716535,1.814648701,-0.750043533
0.267716535,1.813035531,-0.7525596
0.267716535,1.811416019,-0.755075831
0.267716535,1.809790159,-0.7575922
0.267716535,1.808157945,-0.760108683
0.267716535,1.80651937,-0.762625254
0.267716535,1.804874427,-0.765141887
0.267716535,1.803223111,-0.767658559
0.267716535,1.801565416,-0.770175243
0.267716535,1.799901334,-0.772691915
0.267716535,1.798230859,-0.775208549
0.267716535,1.796553987,-0.77772512
0.267716535,1.79487071,-0.780241603
0.267716535,1.793181023,-0.782757973
0.267716535,1.79148492,-0.785274204
0.267716535,1.789782395,-0.787790271
0.267716535,1.788073443,-0.790306148
0.267716535,1.786358058,-0.792821811
0.267716535,1.784636234,-0.795337234
0.267716535,1.782907966,-0.797852391
0.267716535,1.781173249,-0.800367258
0.267716535,1.779432077,-0.802881809
0.267716535,1.777684445,-0.805396018
0.267716535,1.775930348,-0.80790986
0.267716535,1.77416978,-0.810423309
0.267716535,1.772402737,-0.812936341
0.267716535,1.770629215,-0.815448929
0.267716535,1.768849207,-0.817961049
0.267716535,1.767062709,-0.820472674
0.267716535,1.765269716,-0.822983779
0.267716535,1.763470225,-0.825494339
0.267716535,1.76166423,-0.828004328
0.267716535,1.759851726,-0.830513721
0.267716535,1.75803271,-0.833022491
0.267716535,1.756207176,-0.835530614
0.267716535,1.754375122,-0.838038064
0.267716535,1.752536542,-0.840544816
0.267716535,1.750691432,-0.843050842
0.267716535,1.748839789,-0.845556119
0.267716535,1.746981608,-0.848060621
0.267716535,1.745116885,-0.850564321
0.267716535,1.743245618,-0.853067194
0.267716535,1.741367801,-0.855569215
0.267716535,1.739483432,-0.858070358
0.267716535,1.737592506,-0.860570596
0.267716535,1.735695021,-0.863069906
0.267716535,1.733790972,-0.86556826
0.267716535,1.731880357,-0.868065633
0.267716535,1.729963172,-0.870562
0.267716535,1.728039414,-0.873057335
0.267716535,1.726109079,-0.875551611
0.267716535,1.724172166,-0.878044804
0.267716535,1.72222867,-0.880536888
0.267716535,1.720278589,-0.883027836
0.267716535,1.71832192,-0.885517623
0.267716535,1.716358661,-0.888006224
0.267716535,1.714388808,-0.890493613
0.267716535,1.712412359,-0.892979763
0.267716535,1.710429311,-0.89546465
0.267716535,1.708439663,-0.897948247
0.267716535,1.706443411,-0.900430528
0.267716535,1.704440554,-0.902911469
0.267716535,1.702431089,-0.905391043
0.267716535,1.700415014,-0.907869224
0.267716535,1.698392326,-0.910345986
0.267716535,1.696363025,-0.912821304
0.267716535,1.694327108,-0.915295153
0.267716535,1.692284573,-0.917767505
0.267716535,1.690235418,-0.920238337
0.267716535,1.688179642,-0.92270762
0.267716535,1.686117244,-0.925175331
0.267716535,1.68404822,-0.927641443
0.267716535,1.681972571,-0.93010593
0.267716535,1.679890295,-0.932568767
0.267716535,1.67780139,-0.935029928
0.267716535,1.675705855,-0.937489386
0.267716535,1.67360369,-0.939947117
0.267716535,1.671494892,-0.942403095
0.267716535,1.669379461,-0.944857293
0.267716535,1.667257396,-0.947309686
0.267716535,1.665128696,-0.949760249
0.267716535,1.66299336,-0.952208954
0.267716535,1.660851389,-0.954655778
0.267716535,1.65870278,-0.957100693
0.267716535,1.656547533,-0.959543675
0.267716535,1.654385648,-0.961984697
0.267716535,1.652217125,-0.964423733
0.267716535,1.650041963,-0.966860759
0.267716535,1.647860162,-0.969295747
0.267716535,1.645671722,-0.971728673
0.267716535,1.643476642,-0.974159511
0.267716535,1.641274922,-0.976588235
0.267716535,1.639066564,-0.979014819
0.267716535,1.636851566,-0.981439238
0.267716535,1.634629928,-0.983861466
0.267716535,1.632401652,-0.986281477
0.267716535,1.630166738,-0.988699245
0.267716535,1.627925185,-0.991114745
0.267716535,1.625676994,-0.993527952
0.267716535,1.623422166,-0.995938838
0.267716535,1.621160702,-0.99834738
0.267716535,1.618892602,-1.000753551
0.267716535,1.616617866,-1.003157325
0.267716535,1.614336497,-1.005558678
0.267716535,1.612048494,-1.007957582
0.267716535,1.609753859,-1.010354013
0.267716535,1.607452592,-1.012747946
0.267716535,1.605144695,-1.015139354
0.267716535,1.60283017,-1.017528211
0.267716535,1.600509016,-1.019914494
0.267716535,1.598181236,-1.022298174
0.267716535,1.595846831,-1.024679229
0.267716535,1.593505803,-1.02705763
0.267716535,1.591158153,-1.029433354
0.267716535,1.588803882,-1.031806375
0.267716535,1.586442993,-1.034176667
0.267716535,1.584075486,-1.036544204
0.267716535,1.581701365,-1.038908962
0.267716535,1.579320631,-1.041270914
0.267716535,1.576933286,-1.043630036
0.267716535,1.574539331,-1.045986301
0.267716535,1.57213877,-1.048339685
0.267716535,1.569731603,-1.050690161
0.267716535,1.567317834,-1.053037706
0.267716535,1.564897465,-1.055382292
0.267716535,1.562470498,-1.057723896
0.267716535,1.560036936,-1.060062491
0.267716535,1.557596781,-1.062398052
0.267716535,1.555150036,-1.064730554
0.267716535,1.552696703,-1.067059971
0.267716535,1.550236785,-1.069386279
0.267716535,1.547770285,-1.071709451
0.267716535,1.545297206,-1.074029464
0.267716535,1.542817551,-1.076346291
0.267716535,1.540331323,-1.078659907
0.267716535,1.537838524,-1.080970287
0.267716535,1.535339159,-1.083277406
0.267716535,1.532833229,-1.085581238
0.267716535,1.530320739,-1.087881759
0.267716535,1.527801692,-1.090178944
0.267716535,1.525276091,-1.092472766
0.267716535,1.52274394,-1.094763202
0.267716535,1.520205242,-1.097050226
0.267716535,1.517660001,-1.099333813
0.267716535,1.51510822,-1.101613937
0.267716535,1.512549903,-1.103890575
0.267716535,1.509985055,-1.106163701
0.267716535,1.507413678,-1.108433289
0.267716535,1.504835777,-1.110699316
0.267716535,1.502251355,-1.112961755
0.267716535,1.499660417,-1.115220583
0.267716535,1.497062968,-1.117475773
0.267716535,1.49445901,-1.119727302
0.267716535,1.491848548,-1.121975145
0.267716535,1.489231587,-1.124219275
0.267716535,1.486608131,-1.12645967
0.267716535,1.483978184,-1.128696304
0.267716535,1.481341751,-1.130929151
0.267716535,1.478698837,-1.133158188
0.267716535,1.476049445,-1.13538339
0.267716535,1.473393581,-1.137604732
0.267716535,1.470731249,-1.139822188
0.267716535,1.468062454,-1.142035736
0.267716535,1.465387202,-1.144245349
0.267716535,1.462705496,-1.146451003
0.267716535,1.460017341,-1.148652675
0.267716535,1.457322744,-1.150850338
0.267716535,1.454621708,-1.153043969
0.267716535,1.45191424,-1.155233542
0.267716535,1.449200343,-1.157419034
0.267716535,1.446480024,-1.15960042
0.267716535,1.443753288,-1.161777676
0.267716535,1.44102014,-1.163950777
0.267716535,1.438280585,-1.166119698
0.267716535,1.435534629,-1.168284415
0.267716535,1.432782277,-1.170444904
0.267716535,1.430023536,-1.172601141
0.267716535,1.42725841,-1.174753101
0.267716535,1.424486906,-1.17690076
0.267716535,1.421709029,-1.179044094
0.267716535,1.418924784,-1.181183077
0.267716535,1.416134178,-1.183317687
0.267716535,1.413337217,-1.185447899
0.267716535,1.410533907,-1.187573689
0.267716535,1.407724253,-1.189695032
0.267716535,1.404908262,-1.191811905
0.267716535,1.402085939,-1.193924283
0.267716535,1.399257291,-1.196032142
0.267716535,1.396422325,-1.198135459
0.267716535,1.393581045,-1.200234208
0.267716535,1.39073346,-1.202328367
0.267716535,1.387879574,-1.204417912
0.267716535,1.385019395,-1.206502817
0.267716535,1.382152929,-1.20858306
0.267716535,1.379280182,-1.210658617
0.267716535,1.376401161,-1.212729463
0.267716535,1.373515872,-1.214795575
0.267716535,1.370624323,-1.216856929
0.267716535,1.367726519,-1.218913501
0.267716535,1.364822468,-1.220965267
0.267716535,1.361912177,-1.223012205
0.267716535,1.358995651,-1.225054289
0.267716535,1.356072899,-1.227091496
0.267716535,1.353143926,-1.229123803
0.267716535,1.350208741,-1.231151186
0.267716535,1.347267349,-1.233173622
0.267716535,1.344319759,-1.235191086
0.267716535,1.341365976,-1.237203556
0.267716535,1.338406008,-1.239211007
0.267716535,1.335439863,-1.241213417
0.267716535,1.332467547,-1.243210761
0.267716535,1.329489068,-1.245203017
0.267716535,1.326504434,-1.24719016
0.267716535,1.32351365,-1.249172169
0.267716535,1.320516725,-1.251149018
0.267716535,1.317513667,-1.253120685
0.267716535,1.314504482,-1.255087147
0.267716535,1.311489178,-1.25704838
0.267716535,1.308467763,-1.259004361
0.267716535,1.305440243,-1.260955067
0.267716535,1.302406628,-1.262900474
0.267716535,1.299366924,-1.26484056
0.267716535,1.296321139,-1.266775301
0.267716535,1.29326928,-1.268704674
0.267716535,1.290211356,-1.270628656
0.267716535,1.287147375,-1.272547224
0.267716535,1.284077343,-1.274460355
0.267716535,1.281001269,-1.276368026
0.267716535,1.27791916,-1.278270214
0.267716535,1.274831026,-1.280166895
0.267716535,1.271736872,-1.282058048
0.267716535,1.268636708,-1.283943649
0.267716535,1.265530542,-1.285823675
0.267716535,1.262418381,-1.287698103
0.267716535,1.259300233,-1.289566911
0.267716535,1.256176107,-1.291430076
0.267716535,1.25304601,-1.293287575
0.267716535,1.249909951,-1.295139385
0.267716535,1.246767938,-1.296985483
0.267716535,1.243619978,-1.298825847
0.267716535,1.240466081,-1.300660454
0.267716535,1.237306254,-1.302489282
0.267716535,1.234140506,-1.304312307
0.267716535,1.230968845,-1.306129508
0.267716535,1.227791279,-1.307940861
0.267716535,1.224607816,-1.309746344
0.267716535,1.221418465,-1.311545935
0.267716535,1.218223234,-1.313339611
0.267716535,1.215022132,-1.315127349
0.267716535,1.211815167,-1.316909128
0.267716535,1.208602346,-1.318684924
0.267716535,1.20538368,-1.320454715
0.267716535,1.202159175,-1.322218479
0.267716535,1.198928841,-1.323976194
0.267716535,1.195692686,-1.325727837
0.267716535,1.192450719,-1.327473386
0.267716535,1.189202947,-1.329212818
0.267716535,1.18594938,-1.330946112
0.267716535,1.182690026,-1.332673244
0.267716535,1.179424893,-1.334394194
0.267716535,1.176153991,-1.336108938
0.267716535,1.172877327,-1.337817455
0.267716535,1.16959491,-1.339519721
0.267716535,1.166306749,-1.341215716
0.267716535,1.163012852,-1.342905417
0.267716535,1.159713228,-1.344588802
0.267716535,1.156407886,-1.346265849
0.267716535,1.153096833,-1.347936535
0.267716535,1.14978008,-1.349600839
0.267716535,1.146457633,-1.351258739
0.267716535,1.143129503,-1.352910213
0.267716535,1.139795697,-1.354555238
0.267716535,1.136456224,-1.356193793
0.267716535,1.133111093,-1.357825856
0.267716535,1.129760312,-1.359451405
0.267716535,1.12640389,-1.361070417
0.267716535,1.123041835,-1.362682872
0.267716535,1.119674157,-1.364288747
0.267716535,1.116300863,-1.365888021
0.267716535,1.112921963,-1.367480671
0.267716535,1.109537465,-1.369066675
0.267716535,1.106147377,-1.370646013
0.267716535,1.102751709,-1.372218661
0.267716535,1.099350468,-1.373784599
0.267716535,1.095943663,-1.375343804
0.267716535,1.092531303,-1.376896255
0.267716535,1.089113396,-1.37844193
0.267716535,1.085689952,-1.379980807
0.267716535,1.082260977,-1.381512865
0.267716535,1.078826482,-1.383038082
0.267716535,1.075386474,-1.384556436
0.267716535,1.071940962,-1.386067905
0.267716535,1.068489954,-1.387572468
0.267716535,1.065033459,-1.389070104
0.267716535,1.061571485,-1.390560789
0.267716535,1.05810404,-1.392044504
0.267716535,1.054631134,-1.393521226
0.267716535,1.051152774,-1.394990933
0.267716535,1.047668968,-1.396453604
0.267716535,1.044179726,-1.397909218
0.267716535,1.040685055,-1.399357752
0.267716535,1.037184963,-1.400799185
0.267716535,1.033679459,-1.402233496
0.267716535,1.030168551,-1.403660663
0.267716535,1.026652247,-1.405080664
0.267716535,1.023130555,-1.406493477
0.267716535,1.019603484,-1.407899082
0.267716535,1.016071041,-1.409297456
0.267716535,1.012533235,-1.410688579
0.267716535,1.008990073,-1.412072427
0.267716535,1.005441563,-1.413448981
0.267716535,1.001887715,-1.414818217
0.267716535,0.998328534,-1.416180115
0.267716535,0.99476403,-1.417534653
0.267716535,0.991194209,-1.41888181
0.267716535,0.98761908,-1.420221563
0.267716535,0.984038651,-1.421553892
0.267716535,0.980452929,-1.422878774
0.267716535,0.976861922,-1.424196188
0.267716535,0.973265637,-1.425506112
0.267716535,0.969664082,-1.426808525
0.267716535,0.966057264,-1.428103405
0.267716535,0.962445191,-1.42939073
0.267716535,0.95882787,-1.430670479
0.267716535,0.955205309,-1.43194263
0.267716535,0.951577515,-1.433207162
0.267716535,0.947944495,-1.434464052
0.267716535,0.944306255,-1.435713279
0.267716535,0.940662804,-1.436954821
0.267716535,0.937014148,-1.438188656
0.267716535,0.933360294,-1.439414763
0.267716535,0.92970125,-1.44063312
0.267716535,0.926037021,-1.441843705
0.267716535,0.922367615,-1.443046497
0.267716535,0.918693038,-1.444241472
0.267716535,0.915013297,-1.44542861
0.267716535,0.911328398,-1.446607889
0.267716535,0.907638348,-1.447779286
0.267716535,0.903943154,-1.44894278
0.267716535,0.900242821,-1.450098349
0.267716535,0.896537356,-1.45124597
0.267716535,0.892826764,-1.452385622
0.267716535,0.889111053,-1.453517283
0.267716535,0.885390228,-1.45464093
0.267716535,0.881664294,-1.455756541
0.267716535,0.877933258,-1.456864095
0.267716535,0.874197125,-1.457963568
0.267716535,0.8704559,-1.459054939
0.267716535,0.86670959,-1.460138186
0.267716535,0.8629582,-1.461213285
0.267716535,0.859201735,-1.462280216
0.267716535,0.855440199,-1.463338954
0.267716535,0.851673599,-1.464389478
0.267716535,0.847901939,-1.465431766
0.267716535,0.844125224,-1.466465794
0.267716535,0.840343459,-1.46749154
0.267716535,0.836556648,-1.468508982
0.267716535,0.832764797,-1.469518096
0.267716535,0.828967908,-1.47051886
0.267716535,0.825165987,-1.471511251
0.267716535,0.821359038,-1.472495247
0.267716535,0.817547064,-1.473470823
0.267716535,0.81373007,-1.474437958
0.267716535,0.80990806,-1.475396628
0.267716535,0.806081036,-1.47634681
0.267716535,0.802249003,-1.47728848
0.267716535,0.798411964,-1.478221616
0.267716535,0.794569922,-1.479146194
0.267716535,0.79072288,-1.480062191
0.267716535,0.78687084,-1.480969582
0.267716535,0.783013807,-1.481868346
0.267716535,0.779151782,-1.482758457
0.267716535,0.775284768,-1.483639892
0.267716535,0.771412767,-1.484512627
0.267716535,0.767535781,-1.485376639
0.267716535,0.763653812,-1.486231903
0.267716535,0.759766862,-1.487078395
0.267716535,0.755874932,-1.487916091
0.267716535,0.751978025,-1.488744967
0.267716535,0.748076141,-1.489564998
0.267716535,0.744169281,-1.490376159
0.267716535,0.740257446,-1.491178427
0.267716535,0.736340637,-1.491971776
0.267716535,0.732418855,-1.492756181
0.267716535,0.728492099,-1.493531618
0.267716535,0.72456037,-1.494298061
0.267716535,0.720623668,-1.495055486
0.267716535,0.716681992,-1.495803866
0.267716535,0.712735341,-1.496543178
0.267716535,0.708783716,-1.497273394
0.267716535,0.704827115,-1.497994489
0.267716535,0.700865537,-1.498706437
0.267716535,0.696898981,-1.499409213
0.267716535,0.692927444,-1.500102791
0.267716535,0.688950925,-1.500787143
0.267716535,0.684969423,-1.501462244
0.267716535,0.680982933,-1.502128067
0.267716535,0.676991454,-1.502784585
0.267716535,0.672994984,-1.503431771
0.267716535,0.668993518,-1.504069599
0.267716535,0.664987053,-1.504698041
0.267716535,0.660975586,-1.50531707
0.267716535,0.656959113,-1.505926658
0.267716535,0.652937629,-1.506526777
0.267716535,0.64891113,-1.5071174
0.267716535,0.64487961,-1.507698498
0.267716535,0.640843066,-1.508270043
0.267716535,0.636801492,-1.508832007
0.267716535,0.63275488,-1.50938436
0.267716535,0.628703227,-1.509927074
0.267716535,0.624646525,-1.51046012
0.267716535,0.620584767,-1.510983468
0.267716535,0.616517947,-1.511497089
0.267716535,0.612446056,-1.512000953
0.267716535,0.608369088,-1.51249503
0.267716535,0.604287034,-1.51297929
0.267716535,0.600199886,-1.513453701
0.267716535,0.596107635,-1.513918234
0.267716535,0.592010271,-1.514372857
0.267716535,0.587907785,-1.514817539
0.267716535,0.583800168,-1.515252248
0.267716535,0.579687408,-1.515676953
0.267716535,0.575569494,-1.516091622
0.267716535,0.571446417,-1.516496221
0.267716535,0.567318163,-1.516890719
0.267716535,0.563184721,-1.517275082
0.267716535,0.559046078,-1.517649277
0.267716535,0.554902222,-1.518013271
0.267716535,0.550753139,-1.518367028
0.267716535,0.546598814,-1.518710516
0.267716535,0.542439235,-1.5190437
0.267716535,0.538274385,-1.519366544
0.267716535,0.534104249,-1.519679013
0.267716535,0.529928812,-1.519981072
0.267716535,0.525748056,-1.520272684
0.267716535,0.521561966,-1.520553813
0.267716535,0.517370524,-1.520824423
0.267716535,0.513173711,-1.521084476
0.267716535,0.508971509,-1.521333933
0.267716535,0.504763899,-1.521572759
0.267716535,0.50055086,-1.521800913
0.267716535,0.496332374,-1.522018357
0.267716535,0.492108418,-1.522225051
0.267716535,0.487878971,-1.522420957
0.267716535,0.483644011,-1.522606033
0.267716535,0.479403514,-1.522780238
0.267716535,0.475157458,-1.522943532
0.267716535,0.470905818,-1.523095873
0.267716535,0.466648569,-1.523237218
0.267716535,0.462385685,-1.523367524
0.267716535,0.45811714,-1.523486749
0.267716535,0.453842907,-1.523594848
0.267716535,0.449562957,-1.523691777
0.267716535,0.445277263,-1.523777491
0.267716535,0.440985794,-1.523851944
0.267716535,0.43668852,-1.52391509
0.267716535,0.43238541,-1.523966881
0.267716535,0.428076432,-1.524007271
0.267716535,0.423761553,-1.524036211
0.267716535,0.419440739,-1.524053653
0.267716535,0.415113955,-1.524059546
0.267716535,0.410781167,-1.52405384
0.267716535,0.406442336,-1.524036485
0.267716535,0.402097426,-1.524007429
0.267716535,0.397746398,-1.523966619
0.267716535,0.393389213,-1.523914001
0.267716535,0.389025828,-1.523849522
0.267716535,0.384656204,-1.523773127
0.267716535,0.380280296,-1.52368476
0.267716535,0.375898061,-1.523584364
0.267716535,0.371509454,-1.523471882
0.267716535,0.367114428,-1.523347255
0.267716535,0.362712935,-1.523210424
0.267716535,0.358304927,-1.523061328
0.267716535,0.353890353,-1.522899906
0.267716535,0.349469162,-1.522726096
0.267716535,0.345041301,-1.522539833
0.267716535,0.340606716,-1.522341055
0.267716535,0.336165351,-1.522129694
0.267716535,0.331717149,-1.521905684
0.267716535,0.327262051,-1.521668958
0.267716535,0.322799998,-1.521419446
0.267716535,0.318330927,-1.521157077
0.267716535,0.313854775,-1.52088178
0.267716535,0.309371476,-1.520593483
0.267716535,0.304880965,-1.52029211
0.267716535,0.300383173,-1.519977586
0.267716535,0.295878029,-1.519649834
0.267716535,0.29136546,-1.519308776
0.267716535,0.286845394,-1.518954331
0.267716535,0.282317753,-1.518586417
0.267716535,0.27778246,-1.518204953
0.267716535,0.273239434,-1.517809851
0.267716535,0.268688594,-1.517401027
0.267716535,0.264129853,-1.516978392
0.267716535,0.259563126,-1.516541855
0.267716535,0.254988324,-1.516091325
0.267716535,0.250405354,-1.515626709
0.267716535,0.245814123,-1.515147909
0.267716535,0.241214535,-1.514654828
0.267716535,0.236606488,-1.514147367
0.267716535,0.231989883,-1.513625424
0.267716535,0.227364613,-1.513088893
0.267716535,0.222730572,-1.512537669
0.267716535,0.218087648,-1.511971642
0.267716535,0.213435728,-1.511390701
0.267716535,0.208774695,-1.510794732
0.267716535,0.204104428,-1.510183618
0.267716535,0.199424804,-1.509557241
0.267716535,0.194735696,-1.508915478
0.267716535,0.190036974,-1.508258204
0.267716535,0.185328501,-1.507585291
0.267716535,0.180610141,-1.506896608
0.267716535,0.175881751,-1.506192021
0.267716535,0.171143185,-1.505471393
0.267716535,0.16639429,-1.504734582
0.267716535,0.161634914,-1.503981444
0.267716535,0.156864895,-1.503211831
0.267716535,0.152084069,-1.50242559
0.267716535,0.147292266,-1.501622567
0.267716535,0.142489313,-1.5008026
0.267716535,0.137675028,-1.499965525
0.267716535,0.132849227,-1.499111174
0.267716535,0.128011718,-1.498239373
0.267716535,0.123162305,-1.497349945
0.267716535,0.118300784,-1.496442706
0.267716535,0.113426945,-1.495517468
0.267716535,0.108540573,-1.494574038
0.267716535,0.103641443,-1.493612216
0.267716535,0.098729326,-1.492631797
0.267716535,0.093803984,-1.491632572
0.267716535,0.088865171,-1.490614322
0.267716535,0.083912633,-1.489576824
0.267716535,0.078946108,-1.488519847
0.267716535,0.073965325,-1.487443155
0.267716535,0.068970003,-1.486346501
0.267716535,0.063959853,-1.485229632
0.267716535,0.058934574,-1.484092289
0.267716535,0.053893856,-1.482934202
0.267716535,0.048837378,-1.481755092
0.267716535,0.043764806,-1.480554672
0.267716535,0.038675795,-1.479332646
0.267716535,0.033569988,-1.478088705
0.267716535,0.028447015,-1.476822531
0.267716535,0.02330649,-1.475533797
0.267716535,0.018148015,-1.474222161
0.267716535,0.012971175,-1.472887269
0.267716535,0.007775539,-1.471528757
0.267716535,0.002560661,-1.470146245
0.267716535,-0.002673923,-1.468739339
0.267716535,-0.007928699,-1.46730763
0.267716535,-0.013204168,-1.465850693
0.267716535,-0.018500855,-1.464368089
0.267716535,-0.023819305,-1.462859356
0.267716535,-0.029160086,-1.461324019
0.267716535,-0.034523793,-1.45976158
0.267716535,-0.039911044,-1.458171521
0.267716535,-0.045322484,-1.456553302
0.267716535,-0.05075879,-1.454906359
0.267716535,-0.056220666,-1.453230106
0.267716535,-0.061708853,-1.451523928
0.267716535,-0.067224121,-1.449787181
0.267716535,-0.072767282,-1.448019195
0.267716535,-0.078339185,-1.446219266
0.267716535,-0.083940722,-1.444386657
0.267716535,-0.089572827,-1.442520593
0.267716535,-0.095236485,-1.440620263
0.267716535,-0.100932731,-1.438684814
0.267716535,-0.106662654,-1.436713348
0.267716535,-0.112427405,-1.43470492
0.267716535,-0.118228194,-1.432658535
0.267716535,-0.124066303,-1.430573141
0.267716535,-0.129943085,-1.428447629
0.267716535,-0.135859974,-1.426280825
0.267716535,-0.141818489,-1.424071485
0.267716535,-0.147820242,-1.421818292
0.267716535,-0.153866948,-1.419519845
0.267716535,-0.159960429,-1.417174659
0.267716535,-0.166102629,-1.414781147
0.267716535,-0.172295624,-1.412337621
0.267716535,-0.17854163,-1.409842277
0.267716535,-0.184843023,-1.407293181
0.267716535,-0.191202352,-1.404688265
0.267716535,-0.197622357,-1.402025303
0.267716535,-0.20410599,-1.399301902
0.267716535,-0.210656437,-1.396515479
0.267716535,-0.217277145,-1.393663242
0.267716535,-0.223971854,-1.390742165
0.267716535,-0.230744632,-1.387748957
0.267716535,-0.237599912,-1.384680036
0.267716535,-0.244542547,-1.381531482
0.267716535,-0.251577861,-1.378298999
0.267716535,-0.258711714,-1.374977859
0.267716535,-0.265950587,-1.371562838
0.267716535,-0.27330167,-1.368048145
0.267716535,-0.280772978,-1.364427326
0.267716535,-0.288373488,-1.360693158
0.267716535,-0.296113309,-1.356837514
0.267716535,-0.304003886,-1.352851194
0.267716535,-0.312058267,-1.34872372
0.267716535,-0.320291426,-1.34444307
0.267716535,-0.328720689,-1.339995344
0.267716535,-0.337366282,-1.335364325
0.267716535,-0.346252054,-1.3305309
0.267716535,-0.355406453,-1.325472284
0.267716535,-0.364863865,-1.320160948
0.267716535,-0.374666506,-1.314563117
0.267716535,-0.384867156,-1.308636584
0.267716535,-0.395533265,-1.302327441
0.267716535,-0.40675337,-1.295564962
0.267716535,-0.41864764,-1.288253208
0.267716535,-0.431386348,-1.28025631
0.267716535,-0.445225064,-1.271370443
0.267716535,-0.460579897,-1.261263936
0.267716535,-0.478218279,-1.249325424
0.267716535,-0.499905147,-1.234149714
0.267716535,-0.532817139,-1.210026772
